Report year,Agency Name,Is agency active,Administrating Agency Name,Portfolio,nil_return,Date created,Last return by agency,Staff spending 75 per cent plus time on FOI,Staff spending more than 0 less than 75 per cent time on FOI,Estimated APS staff hours where normal duties include FOI,Estimated SES staff hours where normal duties include FOI,Estimated staff hours APS 6 and EL1 to 2 involved in FOI,Estimated staff hours APS 1 to 5 involved in FOI,Estimated staff hours ministers and advisers involved in FOI,Estimated staff hours other ministerial staff involved in FOI,Staff spending 75 per cent time plus on IPS,Staff spending more than 0 less than 75 per cent time on IPS,Estimated APS staff hours where normal duties include IPS,Estimated SES staff hours where normal duties include IPS,Estimated staff hours APS 6 and EL1 to 2 involved in IPS,Estimated staff hours APS 1 to 5 involved in IPS,Admin costs FOI AUD,Admin costs IPS AUD,Legal costs FOI AUD,Legal costs IPS AUD,Litigation costs FOI AUD,Litigation costs IPS AUD,Training costs FOI AUD,Training costs IPS AUD,Other costs FOI AUD,Other costs IPS AUD
2019,Aboriginal Benefit Account Advisory Committee,TRUE,National Indigenous Australians Agency,Prime Minister and Cabinet,TRUE,9/07/2019 13:44,0,0,0,0,0,0,0,0,0,0,0,0,0,0,0,0,0,0,0,0,0,0,0,0,0
2019,Aboriginal Hostels Limited,TRUE,,Prime Minister and Cabinet,TRUE,19/08/2019 14:10,0,0,0,0,0,0,0,0,0,0,0,0,0,0,0,0,0,0,0,0,0,0,0,0,0
2019,Administrative Appeals Tribunal,TRUE,,Attorney-General's,FALSE,23/07/2019 16:26,0,2,137,4730,6,310,68,0,0,0,3,5,0,0,2,10489,0,0,0,0,0,829,0,0,0
2019,Admiralty Rules Committee,TRUE,Attorney-General's Department,Attorney-General's,TRUE,10/07/2019 14:28,0,0,0,0,0,0,0,0,0,0,0,0,0,0,0,0,0,0,0,0,0,0,0,0,0
2019,Advisory Committee on Biologicals,TRUE,Department of Health,Health,TRUE,4/07/2019 11:58,0,0,0,0,0,0,0,0,0,0,0,0,0,0,0,0,0,0,0,0,0,0,0,0,0
2019,Advisory Committee on Chemicals Scheduling ,TRUE,Department of Health,Health,TRUE,4/07/2019 11:58,0,0,0,0,0,0,0,0,0,0,0,0,0,0,0,0,0,0,0,0,0,0,0,0,0
2019,Advisory Committee on Complementary Medicines,TRUE,Department of Health,Health,TRUE,4/07/2019 11:57,0,0,0,0,0,0,0,0,0,0,0,0,0,0,0,0,0,0,0,0,0,0,0,0,0
2019,Advisory Committee on Medical Devices ,TRUE,Department of Health,Health,TRUE,4/07/2019 11:57,0,0,0,0,0,0,0,0,0,0,0,0,0,0,0,0,0,0,0,0,0,0,0,0,0
2019,Advisory Committee on Medicines Scheduling ,TRUE,Department of Health,Health,TRUE,30/01/2019 12:29,0,0,0,0,0,0,0,0,0,0,0,0,0,0,0,0,0,0,0,0,0,0,0,0,0
2019,Advisory Committee on Non-prescription Medicines ,TRUE,Department of Health,Health,TRUE,29/01/2019 14:38,-1,0,0,0,0,0,0,0,0,0,0,0,0,0,0,0,0,0,0,0,0,0,0,0,0
2019,Advisory Committee on Prescription Medicines,TRUE,Department of Health,Health,TRUE,29/01/2019 14:41,-1,0,0,0,0,0,0,0,0,0,0,0,0,0,0,0,0,0,0,0,0,0,0,0,0
2019,Advisory Committee on the Safety of Medical Devices,TRUE,Department of Health,Health,TRUE,29/01/2019 14:43,-1,0,0,0,0,0,0,0,0,0,0,0,0,0,0,0,0,0,0,0,0,0,0,0,0
2019,Advisory Committee on the Safety of Medicines,TRUE,Department of Health,Health,TRUE,29/01/2019 14:42,-1,0,0,0,0,0,0,0,0,0,0,0,0,0,0,0,0,0,0,0,0,0,0,0,0
2019,Aged Care Complaints Commissioner,FALSE,,Health,FALSE,8/01/2019 9:43,-1,2,3,2500,10,10,250,0,0,0,2,10,0,0,0,400,0,6259,0,4130,0,0,0,0,0
2019,Aged Care Quality and Safety Commission,TRUE,Aged Care Quality and Safety Commission,Health,FALSE,30/07/2019 8:49,0,3,2,3000,50,50,0,0,0,0,0,0,0,0,0,0,0,16672,0,0,0,0,0,0,0
2019,AgriFutures,TRUE,,Agriculture,TRUE,1/08/2019 15:53,0,0,0,0,0,0,0,0,0,0,0,0,0,0,0,0,0,0,0,0,0,0,0,0,0
2019,Airservices Australia,TRUE,,"Infrastructure, Transport, Cities and Regional Development",FALSE,19/08/2019 15:48,0,2,15,7900,100,7800,0,0,0,1,0,400,0,400,0,0,0,9938,0,0,0,9898,0,0,0
2019,Army and Air Force Canteen Service,TRUE,,Defence,TRUE,8/07/2019 14:24,0,0,0,0,0,0,0,0,0,0,0,0,0,0,0,0,0,0,0,0,0,0,0,0,0
2019,Asbestos Safety and Eradication Agency,TRUE,,Attorney-General's,FALSE,16/07/2019 9:46,0,0,5,100,10,0,0,0,0,0,0,0,0,0,0,0,0,0,0,0,0,0,0,0,0
2019,Assistant Defence Minister,TRUE,Department of Defence,Defence,TRUE,25/07/2019 12:06,0,0,0,0,0,0,0,0,0,0,0,0,0,0,0,0,0,0,0,0,0,0,0,0,0
2019,Assistant Minister for Agriculture and Water Resources,TRUE,,Agriculture,FALSE,16/07/2019 16:36,-1,0,1,0,0,0,0,6,0,0,0,0,0,0,0,0,0,0,0,0,0,0,0,0,0
2019,Assistant Minister for Children and Families,TRUE,Department of Social Services,Social Services,TRUE,30/07/2019 11:25,0,0,0,0,0,0,0,0,0,0,0,0,0,0,0,0,0,0,0,0,0,0,0,0,0
2019,Assistant Minister for Cities and Digital Transformation,TRUE,Department of the Prime Minister and Cabinet,Prime Minister and Cabinet,TRUE,16/07/2019 12:00,0,0,0,0,0,0,0,0,0,0,0,0,0,0,0,0,0,0,0,0,0,0,0,0,0
2019,"Assistant Minister for Community Housing, Homelessness and Community Services",TRUE,Department of Social Services,Social Services,TRUE,15/08/2019 16:21,0,0,0,0,0,0,0,0,0,0,0,0,0,0,0,0,0,0,0,0,0,0,0,0,0
2019,Assistant Minister for Forestry and Fisheries,TRUE,Department of Agriculture,Agriculture,TRUE,16/07/2019 16:35,0,0,0,0,0,0,0,0,0,0,0,0,0,0,0,0,0,0,0,0,0,0,0,0,0
2019,Assistant Minister for Home Affairs,TRUE,Department of Home Affairs,Home Affairs,FALSE,19/08/2019 22:42,-1,0,2,0,0,0,0,4,0,0,0,0,0,0,0,0,0,0,0,0,0,0,0,0,0
2019,"Assistant Minister for Industry, Innovation and Science",TRUE,"Department of Industry, Innovation and Science","Industry, Innovation and Science",TRUE,18/07/2019 10:04,-1,0,0,0,0,0,0,0,0,0,0,0,0,0,0,0,0,0,0,0,0,0,0,0,0
2019,Assistant Minister for Regional Development and Territories,TRUE,"Department of Infrastructure, Transport, Cities and Regional Development","Infrastructure, Transport, Cities and Regional Development",TRUE,29/07/2019 10:14,0,0,0,0,0,0,0,0,0,0,0,0,0,0,0,0,0,0,0,0,0,0,0,0,0
2019,Assistant Minister for Road Safety and Freight Transport,TRUE,"Department of Infrastructure, Transport, Cities and Regional Development","Infrastructure, Transport, Cities and Regional Development",TRUE,29/07/2019 10:14,0,0,0,0,0,0,0,0,0,0,0,0,0,0,0,0,0,0,0,0,0,0,0,0,0
2019,"Assistant Minister for Social Services, Housing and Disability Services",FALSE,Department of Social Services,Social Services,TRUE,30/07/2019 11:24,-1,0,0,0,0,0,0,0,0,0,0,0,0,0,0,0,0,0,0,0,0,0,0,0,0
2019,Assistant Minister for Treasury and Finance,TRUE,Department of the Treasury,Treasury,FALSE,15/07/2019 15:35,-1,0,2,0,0,0,0,2,0,0,0,0,0,0,0,0,0,0,0,0,0,0,0,0,0
2019,Assistant Minister for Vocational Education and Skills,TRUE,,Education,TRUE,17/10/2018 16:40,-1,0,0,0,0,0,0,0,0,0,0,0,0,0,0,0,0,0,0,0,0,0,0,0,0
2019,"Assistant Minister for Vocational Education, Training and Apprenticeships",TRUE,"Department of Employment, Skills, Small and Family Business","Employment, Skills, Small and Family Business",TRUE,10/07/2019 16:51,0,0,0,0,0,0,0,0,0,0,0,0,0,0,0,0,0,0,0,0,0,0,0,0,0
2019,Assistant Minister to the Deputy Prime Minister,TRUE,"Department of Infrastructure, Transport, Cities and Regional Development","Infrastructure, Transport, Cities and Regional Development",TRUE,29/07/2019 10:12,0,0,0,0,0,0,0,0,0,0,0,0,0,0,0,0,0,0,0,0,0,0,0,0,0
2019,Assistant Minister to the Prime Minister and Cabinet,TRUE,Department of the Prime Minister and Cabinet,Prime Minister and Cabinet,TRUE,30/07/2019 14:11,0,0,0,0,0,0,0,0,0,0,0,0,0,0,0,0,0,0,0,0,0,0,0,0,0
2019,Assistant Trade and Investment Minister,TRUE,Department of Foreign Affairs and Trade,Foreign Affairs and Trade,FALSE,19/08/2019 22:41,0,0,0,0,0,0,0,0,0,0,0,0,0,0,0,0,0,0,0,0,0,0,0,0,0
2019,Assistant Treasurer,TRUE,Department of the Treasury,Treasury,FALSE,15/07/2019 15:35,0,0,3,0,0,0,0,60,30,0,0,0,0,0,0,0,0,0,0,0,0,0,0,0,0
2019,Attorney-General,TRUE,Attorney-General's Department,Attorney-General's,FALSE,21/01/2019 10:00,0,0,15,0,0,0,0,200,0,0,0,0,0,0,0,0,0,0,0,0,0,0,0,0,0
2019,Attorney-General's Department,TRUE,Attorney-General's Department,Attorney-General's,FALSE,10/07/2019 13:24,0,5,574,11539,706,2119,1413,0,0,0,1,105,0,9,14,4413,0,0,0,0,0,2960,0,0,0
2019,Auditing and Assurance Standards Board,TRUE,,Treasury,TRUE,19/08/2019 14:42,0,0,0,0,0,0,0,0,0,0,0,0,0,0,0,0,0,0,0,0,0,0,0,0,0
2019,Australasian Procurement and Construction Council Inc,FALSE,Department of Finance,Finance,TRUE,17/07/2019 10:53,0,0,0,0,0,0,0,0,0,0,0,0,0,0,0,0,0,0,0,0,0,0,0,0,0
2019,Australia Council,TRUE,Australia Council,Communications and the Arts,TRUE,5/07/2019 11:14,0,0,0,0,0,0,0,0,0,0,0,0,0,0,0,0,0,0,0,0,0,0,0,0,0
2019,Australian Accounting Standards Board,TRUE,,Treasury,TRUE,19/08/2019 14:43,0,0,0,0,0,0,0,0,0,0,0,0,0,0,0,0,0,0,0,0,0,0,0,0,0
2019,Australian Aged Care Quality Agency,FALSE,,Social Services,FALSE,17/01/2019 15:12,-1,0,2,2,90,0,100,0,0,0,1,1,10,0,0,0,0,2587,0,16270,0,0,0,0,0
2019,Australian Broadcasting Corporation,TRUE,,Communications and the Arts,FALSE,9/07/2019 11:49,0,1,121,384,7,122,26,0,0,0,0,4,0,0,4,0,0,0,0,0,0,0,0,0,0
2019,Australian Building and Construction Commission,TRUE,,Attorney-General's,FALSE,23/07/2019 9:52,0,1,3,2700,0,1000,0,0,0,0,3,100,0,300,0,2000,0,28641,0,160655,0,0,0,0,0
2019,Australian Bureau of Statistics,TRUE,Australian Bureau of Statistics,Treasury,FALSE,24/07/2019 15:10,0,0,152,537,179,87,51,0,0,0,1,30,0,3,0,0,0,6799,0,22760,0,5796,0,0,0
2019,Australian Centre for International Agricultural Research,TRUE,,Foreign Affairs and Trade,FALSE,18/07/2019 12:21,0,0,4,45,10,10,0,0,0,0,4,0,0,5,0,0,0,28000,0,0,0,0,0,0,0
2019,Australian Charities and Not-for-Profits Commission,TRUE,,Treasury,FALSE,19/08/2019 15:31,0,0,5,100,0,0,0,0,0,0,5,0,0,0,0,0,0,0,0,0,0,0,0,0,0
2019,Australian Commission for Law Enforcement Integrity,TRUE,,Attorney-General's,FALSE,10/07/2019 8:58,0,0,3,100,0,2,0,0,0,0,1,1,0,0,0,0,0,0,0,0,0,685,0,0,0
2019,Australian Commission on Safety and Quality in Health Care,TRUE,Australian Commission on Safety and Quality in Health Care,Health,FALSE,23/07/2019 10:57,0,0,2,13,0,7,0,0,0,0,0,0,0,0,0,0,0,0,0,0,0,828,0,0,0
2019,Australian Communications and Media Authority,TRUE,,Communications and the Arts,FALSE,31/07/2019 10:27,0,0,50,160,20,1025,3,0,0,0,2,40,2,0,0,0,0,0,0,0,0,0,0,0,0
2019,Australian Community Pharmacy Authority,TRUE,Department of Health,Health,TRUE,4/07/2019 12:03,0,0,0,0,0,0,0,0,0,0,0,0,0,0,0,0,0,0,0,0,0,0,0,0,0
2019,Australian Competition and Consumer Commission,TRUE,Australian Competition and Consumer Commission,Treasury,FALSE,15/07/2019 12:23,0,2,14,3662,100,1092,37,0,0,0,0,0,0,0,0,2609,0,17351,0,0,0,4000,0,0,0
2019,Australian Competition Tribunal,TRUE,,Treasury,FALSE,8/07/2019 17:00,0,0,2,0,1,1,0,0,0,0,0,0,0,0,0,0,0,0,0,0,0,0,0,0,0
2019,Australian Criminal Intelligence Commission,TRUE,,Home Affairs,FALSE,16/07/2019 11:27,0,1,5,1800,104,116,3,0,0,0,0,0,0,0,0,0,0,0,0,0,0,0,0,0,0
2019,"Australian Curriculum, Assessment and Reporting Authority",TRUE,,Education,FALSE,15/07/2019 10:06,0,0,5,165,28,0,3,0,0,0,5,3,2,0,7,0,0,10864,0,0,0,0,0,0,0
2019,Australian Digital Health Agency,TRUE,,Health,FALSE,19/08/2019 22:18,0,2,24,3333,145,113,0,0,0,0,0,0,0,0,0,0,0,0,0,0,0,16504,0,0,0
2019,Australian Electoral Commission,TRUE,,Finance,FALSE,17/07/2019 11:57,0,1650,0,1650,100,500,600,0,0,20,0,20,3,0,0,0,0,0,0,0,0,0,0,0,0
2019,Australian Energy Regulator,TRUE,Australian Competition and Consumer Commission,Treasury,TRUE,15/07/2019 12:24,0,0,0,0,0,0,0,0,0,0,0,0,0,0,0,0,0,0,0,0,0,0,0,0,0
2019,Australian Federal Police,TRUE,,Home Affairs,FALSE,9/11/2018 9:46,0,8,669,11559,1320,5280,8140,0,0,0,22,161,6,55,165,0,0,2430,0,7925,0,2382,0,48212,0
2019,"Australian Film, Television and Radio School",TRUE,,Communications and the Arts,FALSE,22/07/2019 19:47,0,0,6,6,0,1,0,0,0,0,0,4,0,0,0,0,0,0,0,0,0,0,0,0,0
2019,Australian Financial Security Authority,TRUE,,Attorney-General's,FALSE,29/07/2019 13:07,0,0,25,550,15,30,50,0,0,0,1,10,0,0,0,2500,0,0,0,0,0,0,0,0,0
2019,Australian Fisheries Management Authority,TRUE,,Agriculture,FALSE,15/05/2019 11:39,0,0,1,3,0,2,1,0,0,0,0,0,0,0,0,0,0,0,0,0,0,0,0,0,0
2019,Australian Hearing Services,TRUE,,Social Services,FALSE,8/07/2019 15:37,0,0,8,6,0,1,5,0,0,0,8,2,0,0,0,0,0,0,0,0,0,0,0,0,0
2019,Australian Heritage Council,TRUE,,Environment and Energy,TRUE,11/01/2019 11:26,0,0,0,0,0,0,0,0,0,0,0,0,0,0,0,0,0,0,0,0,0,0,0,0,0
2019,Australian Human Rights Commission,TRUE,,Attorney-General's,FALSE,30/05/2019 10:52,0,0,8,160,0,0,55,0,0,0,0,0,0,0,0,0,0,0,0,0,0,0,0,0,0
2019,Australian Institute of Aboriginal and Torres Strait Islander Studies,TRUE,,Prime Minister and Cabinet,FALSE,19/08/2019 18:08,0,0,8,2,0,5,1,0,0,0,0,0,0,0,0,0,0,0,0,0,0,0,0,0,0
2019,Australian Institute of Criminology,TRUE,,Home Affairs,FALSE,29/07/2019 16:37,0,0,1,0,2,0,0,0,0,0,0,0,0,0,0,0,0,0,0,0,0,0,0,0,0
2019,Australian Institute of Family Studies,TRUE,,Social Services,FALSE,30/07/2019 15:03,0,0,0,20,3,0,0,0,0,0,0,2,0,0,0,0,0,3000,0,0,0,0,0,0,0
2019,Australian Institute of Health and Welfare,TRUE,,Health,FALSE,30/07/2019 13:29,0,0,7,79,0,1,25,0,0,0,0,0,0,0,0,0,0,0,0,0,0,0,0,908,0
2019,Australian Institute of Marine Science,TRUE,,"Industry, Innovation and Science",TRUE,31/07/2019 16:00,0,0,0,0,0,0,0,0,0,0,0,0,0,0,0,0,0,0,0,0,0,0,0,0,0
2019,Australian Law Reform Commission,TRUE,,Attorney-General's,FALSE,10/07/2019 11:48,0,0,3,0,10,0,100,0,0,0,0,0,0,0,0,0,0,6500,0,0,0,0,0,0,0
2019,Australian Maritime Safety Authority,TRUE,,"Infrastructure, Transport, Cities and Regional Development",FALSE,19/07/2019 23:11,0,1,1,900,20,10,50,0,0,1,1,5,0,0,0,950,0,0,0,0,0,0,0,0,0
2019,Australian Military Forces Relief Trust Fund,TRUE,Department of Defence,Defence,TRUE,9/07/2019 14:26,0,0,0,0,0,0,0,0,0,0,0,0,0,0,0,0,0,0,0,0,0,0,0,0,0
2019,Australian National Maritime Museum,TRUE,,Attorney-General's,FALSE,26/04/2019 10:00,0,0,0,20,10,5,0,0,0,0,0,0,0,0,0,0,0,0,0,0,0,0,0,0,0
2019,Australian National University,TRUE,,Education,FALSE,12/10/2018 15:10,0,0,5,376,16,263,70,0,0,0,1,10,0,0,0,100,0,27000,0,5000,0,342,0,0,0
2019,Australian Nuclear Science and Technology Organisation,TRUE,,"Industry, Innovation and Science",FALSE,15/07/2019 12:14,0,0,9,166,0,0,0,0,0,0,6,2,0,0,0,0,0,4795,0,0,0,1300,0,0,0
2019,Australian Pesticides and Veterinary Medicines Authority,TRUE,,Agriculture,FALSE,2/07/2019 13:23,0,0,32,900,69,150,40,0,0,0,2,15,0,0,0,0,0,0,0,0,0,0,0,0,0
2019,Australian Political Exchange Council,FALSE,Department of Finance,Finance,TRUE,17/07/2019 10:54,0,0,0,0,0,0,0,0,0,0,0,0,0,0,0,0,0,0,0,0,0,0,0,0,0
2019,Australian Postal Corporation,TRUE,,Communications and the Arts,FALSE,1/07/2019 13:27,0,1,1,1300,0,0,300,0,0,0,0,0,0,0,0,0,0,0,0,0,0,0,0,0,0
2019,Australian Prudential Regulation Authority,TRUE,,Treasury,FALSE,22/07/2019 13:55,0,2,13,304,39,263,41,0,0,0,5,5,0,3,5,0,0,0,0,0,0,2160,0,0,0
2019,Australian Public Service Commission,TRUE,Australian Public Service Commission,Prime Minister and Cabinet,FALSE,31/07/2019 12:45,0,1,28,2300,113,33,0,1,0,0,5,32,4,16,0,1450,0,5000,0,0,0,2000,0,0,0
2019,Australian Radiation Protection and Nuclear Safety Agency,TRUE,,Health,FALSE,19/07/2019 21:24,0,0,17,330,3,30,10,0,0,0,4,25,0,5,0,0,0,0,0,0,0,0,0,0,0
2019,Australian Reinsurance Pool Corporation,TRUE,Department of the Treasury,Treasury,TRUE,15/07/2019 15:29,0,0,0,0,0,0,0,0,0,0,0,0,0,0,0,0,0,0,0,0,0,0,0,0,0
2019,Australian Renewable Energy Agency,TRUE,,Environment and Energy,FALSE,26/07/2019 14:42,0,0,14,0,5,46,3,0,0,0,0,0,0,0,0,0,0,0,0,0,0,0,0,0,0
2019,Australian Research Council,TRUE,,Education,FALSE,31/07/2019 9:10,0,0,2,107,0,0,0,0,0,0,2,0,0,0,0,0,0,0,0,0,0,0,0,0,0
2019,Australian Securities and Investments Commission,TRUE,,Treasury,FALSE,26/07/2019 9:26,0,6,221,1984,0,2524,0,0,0,0,3,0,0,0,0,0,0,3900,0,22637,0,11625,0,0,0
2019,Australian Skills Quality Authority,TRUE,,"Employment, Skills, Small and Family Business",FALSE,16/07/2019 14:20,0,1,2,740,0,149,15,0,0,0,0,0,0,0,0,0,0,0,0,0,0,2290,0,0,0
2019,Australian Sports Anti-Doping Authority,TRUE,,Health,FALSE,30/07/2019 11:09,0,1,5,5,0,0,0,0,0,0,0,0,0,0,0,0,0,0,0,0,0,0,0,0,0
2019,Australian Sports Commission,TRUE,,Health,FALSE,9/07/2019 10:55,0,0,2,210,0,0,0,0,0,0,1,5,0,0,0,150,0,0,0,0,0,0,0,0,0
2019,Australian Taxation Office,TRUE,,Treasury,FALSE,17/06/2019 9:28,0,14,92,42873,1323,8732,794,0,0,0,1,14,0,3,0,3882,0,69661,0,11266,0,685,0,0,0
2019,Australian Trade and Investment Commission (Austrade),TRUE,,Foreign Affairs and Trade,FALSE,30/07/2019 11:57,0,0,3,633,30,64,0,5,10,0,0,0,0,0,0,0,0,500,0,0,0,470,0,0,0
2019,Australian Transaction Reports and Analysis Centre (AUSTRAC),TRUE,,Home Affairs,FALSE,8/07/2019 15:50,0,3,9,6500,225,690,0,0,0,0,1,5,0,0,0,600,0,0,0,0,0,6824,0,0,0
2019,Australian Transport Safety Bureau,TRUE,,"Infrastructure, Transport, Cities and Regional Development",FALSE,6/08/2019 14:47,0,1,8,1600,200,700,600,0,0,0,2,100,0,100,0,200,0,0,0,0,0,0,0,0,0
2019,Australian War Memorial,TRUE,,Defence,FALSE,31/07/2019 18:41,0,0,5,50,10,200,0,0,0,0,1,10,0,10,0,0,0,0,0,0,0,0,0,0,0
2019,Bureau of Meteorology,TRUE,,Environment and Energy,FALSE,4/07/2019 15:52,0,2,15,1500,31,164,1,0,0,0,3,10,1,0,0,0,0,1040,0,10145,0,0,0,0,0
2019,Cancer Australia,TRUE,,Health,FALSE,12/10/2018 10:42,0,0,5,120,20,0,60,0,0,0,0,0,0,0,0,0,0,50746,0,0,0,0,0,0,0
2019,Civil Aviation Safety Authority,TRUE,,"Infrastructure, Transport, Cities and Regional Development",FALSE,4/07/2019 15:06,0,1,2,2400,0,100,0,0,0,0,2,25,0,0,0,1000,0,0,0,0,0,0,0,0,0
2019,Classification Board,TRUE,Department of Communications and the Arts,Communications and the Arts,TRUE,10/07/2019 13:26,0,0,0,0,0,0,0,0,0,0,0,0,0,0,0,0,0,0,0,0,0,0,0,0,0
2019,Classification Review Board,TRUE,Department of Communications and the Arts,Communications and the Arts,TRUE,10/07/2019 13:27,0,0,0,0,0,0,0,0,0,0,0,0,0,0,0,0,0,0,0,0,0,0,0,0,0
2019,Clean Energy Finance Corporation,TRUE,,Environment and Energy,FALSE,23/07/2019 12:57,0,0,10,36,8,25,0,0,0,0,0,0,0,0,0,200,0,881,0,0,0,0,0,0,0
2019,Clean Energy Regulator,TRUE,,Environment and Energy,FALSE,9/01/2019 10:35,0,1,40,827,80,102,37,0,0,0,2,25,0,0,0,200,0,30000,0,0,0,3425,0,0,0
2019,Climate Change Authority,TRUE,,Environment and Energy,TRUE,31/07/2019 12:54,0,0,0,0,0,0,0,0,0,0,0,0,0,0,0,0,0,0,0,0,0,0,0,0,0
2019,Coal Mining Industry (Long Service Leave Funding) Corporation,TRUE,Attorney-General's Department,Attorney-General's,FALSE,2/07/2019 15:34,0,0,2,15,0,0,0,0,0,0,0,0,0,0,0,604,0,0,0,0,0,0,0,0,0
2019,Comcare,TRUE,Comcare,Attorney-General's,FALSE,10/07/2019 13:18,0,5,7,8100,100,3600,7200,0,0,0,1,10,0,0,0,2726,0,0,0,0,0,0,0,0,0
2019,Commonwealth Environmental Water Holder,FALSE,,Environment and Energy,TRUE,16/08/2019 15:03,-1,0,0,0,0,0,0,0,0,0,0,0,0,0,0,0,0,0,0,0,0,0,0,0,0
2019,Commonwealth Grants Commission,TRUE,,Treasury,TRUE,8/07/2019 14:13,0,0,0,0,0,0,0,0,0,0,0,0,0,0,0,0,0,0,0,0,0,0,0,0,0
2019,Commonwealth Ombudsman,TRUE,,Attorney-General's,FALSE,22/07/2019 10:15,0,1,6,7245,32,0,0,0,0,1,0,5,0,0,0,0,0,4908,0,1046,0,685,0,0,0
2019,Commonwealth Scientific and Industrial Research Organisation (CSIRO),TRUE,,"Industry, Innovation and Science",FALSE,23/07/2019 10:18,0,2,1,1668,0,100,1248,0,0,0,2,5,0,0,0,300,0,8000,0,0,0,0,0,0,0
2019,Commonwealth Superannuation Corporation (previously ARIA),TRUE,,Finance,FALSE,1/08/2019 10:10,0,0,2,0,0,1,1,0,0,0,0,0,0,0,0,0,0,0,0,0,0,0,0,0,0
2019,Companies Auditors and Liquidators Disciplinary Board,TRUE,Department of the Treasury,Treasury,TRUE,15/07/2019 15:36,0,0,0,0,0,0,0,0,0,0,0,0,0,0,0,0,0,0,0,0,0,0,0,0,0
2019,Copyright Tribunal of Australia,TRUE,,Communications and the Arts,TRUE,19/08/2019 22:40,0,0,0,0,0,0,0,0,0,0,0,0,0,0,0,0,0,0,0,0,0,0,0,0,0
2019,Cotton Research and Development Corporation,TRUE,,Agriculture,TRUE,19/07/2019 8:02,0,0,0,0,0,0,0,0,0,0,0,0,0,0,0,0,0,0,0,0,0,0,0,0,0
2019,Defence Families of Australia,TRUE,Department of Defence,Defence,TRUE,9/07/2019 14:58,0,0,0,0,0,0,0,0,0,0,0,0,0,0,0,0,0,0,0,0,0,0,0,0,0
2019,Defence Force Discipline Appeal Tribunal,TRUE,,Attorney-General's,TRUE,8/07/2019 16:53,0,0,0,0,0,0,0,0,0,0,0,0,0,0,0,0,0,0,0,0,0,0,0,0,0
2019,Defence Force Remuneration Tribunal,TRUE,Remuneration Tribunal,Prime Minister and Cabinet,TRUE,19/08/2019 22:39,0,0,0,0,0,0,0,0,0,0,0,0,0,0,0,0,0,0,0,0,0,0,0,0,0
2019,Defence Housing Australia,TRUE,,Defence,FALSE,19/08/2019 16:42,0,0,3,253,25,125,0,0,0,0,1,20,2,0,0,100,0,0,0,0,0,1400,0,0,0
2019,Defence Reserves Support Council,TRUE,Department of Defence,Defence,TRUE,9/07/2019 15:26,0,0,0,0,0,0,0,0,0,0,0,0,0,0,0,0,0,0,0,0,0,0,0,0,0
2019,Department of Agriculture,TRUE,Department of Agriculture,Agriculture,FALSE,3/07/2019 10:58,0,0,5,6000,913,714,1627,0,0,0,0,54,0,0,0,2325,0,0,0,0,0,0,0,0,0
2019,Department of Communications and the Arts,TRUE,Department of Communications and the Arts,Communications and the Arts,FALSE,26/07/2019 9:57,0,1,47,1710,383,291,63,26,0,0,2,90,0,0,0,0,0,0,0,0,0,16694,0,0,0
2019,Department of Defence,TRUE,Department of Defence,Defence,FALSE,9/07/2019 14:43,0,14,168,36874,5750,25478,1425,21,0,0,0,0,0,0,0,20124,0,62983,0,0,0,96120,0,0,0
2019,Department of Education,TRUE,Department of Education,Education,FALSE,18/10/2018 12:05,0,6,4,12700,376,737,0,0,0,0,1,10,1,0,0,0,1000,0,0,0,0,1025,0,177,0
2019,"Department of Employment, Skills, Small and Family Business",TRUE,"Department of Employment, Skills, Small and Family Business","Employment, Skills, Small and Family Business",FALSE,17/01/2019 13:52,0,5,11,12349,77,816,119,0,0,0,7,1818,0,0,0,5665,0,0,0,0,0,2760,0,0,0
2019,Department of Finance,TRUE,Department of Finance,Finance,FALSE,18/01/2019 15:06,0,3,75,5640,735,1470,735,0,0,0,1,32,0,0,0,5500,0,0,0,0,0,0,0,0,0
2019,Department of Foreign Affairs and Trade,TRUE,Department of Foreign Affairs and Trade,Foreign Affairs and Trade,FALSE,3/10/2018 15:57,0,4,1,7200,550,1150,550,0,0,2,0,3600,0,0,0,650,300,20472,0,38736,0,1228,3774,18182,0
2019,Department of Health,TRUE,Department of Health,Health,FALSE,11/07/2019 9:20,0,10,5,20000,443,5373,98,0,0,5,0,1000,0,0,0,8680,0,0,0,23967,0,9152,0,0,0
2019,Department of Home Affairs,TRUE,Department of Home Affairs,Home Affairs,FALSE,15/05/2019 9:41,0,79,169,168525,23,801,123,0,0,0,25,204,0,0,0,9587,0,2113,0,1861,0,41411,0,0,0
2019,Department of Human Services,TRUE,Department of Human Services,Social Services,FALSE,5/07/2019 9:21,0,43,687,86900,1540,4080,40800,0,0,0,79,7800,0,80,0,18284,0,43753,0,0,0,27990,0,0,0
2019,"Department of Industry, Innovation and Science",TRUE,"Department of Industry, Innovation and Science","Industry, Innovation and Science",FALSE,18/07/2019 8:02,0,2,3,5400,2600,1400,800,600,800,0,0,0,0,0,0,0,0,0,0,0,0,0,0,0,0
2019,"Department of Infrastructure, Transport, Cities and Regional Development",TRUE,"Department of Infrastructure, Transport, Cities and Regional Development","Infrastructure, Transport, Cities and Regional Development",FALSE,29/07/2019 10:15,0,1,2,1940,200,600,0,15,20,0,1,25,0,0,0,0,0,0,0,0,0,0,0,0,0
2019,Department of Social Services,TRUE,Department of Social Services,Social Services,FALSE,30/07/2019 10:54,0,2,3,3906,195,621,62,50,0,0,5,393,0,0,0,0,0,0,0,0,0,5000,0,0,0
2019,Department of the Environment and Energy,TRUE,Department of the Environment and Energy,Environment and Energy,FALSE,30/07/2019 14:46,0,1,555,6840,2230,7990,6489,0,0,0,0,0,0,0,0,0,0,0,0,0,0,1994,0,26727,0
2019,Department of the Prime Minister and Cabinet,TRUE,Department of the Prime Minister and Cabinet,Prime Minister and Cabinet,FALSE,22/08/2018 10:04,0,9,9,17132,1275,2550,1275,0,0,0,3,30,0,0,0,0,0,52146,0,20801,0,47550,0,54000,0
2019,Department of the Treasury,TRUE,Department of the Treasury,Treasury,FALSE,15/07/2019 15:34,0,3,280,5225,1500,3000,1650,84,0,0,0,0,0,0,0,0,0,0,0,0,0,0,0,0,0
2019,Department of Veterans' Affairs,TRUE,Department of Veterans' Affairs,Defence,FALSE,6/08/2019 16:54,0,3,15,15308,1471,2942,7355,1,6,0,1,13,6,0,0,29420,0,137168,0,0,0,0,0,0,0
2019,Deputy Prime Minister,TRUE,"Department of Infrastructure, Transport, Cities and Regional Development","Infrastructure, Transport, Cities and Regional Development",TRUE,29/07/2019 10:11,0,0,0,0,0,0,0,0,0,0,0,0,0,0,0,0,0,0,0,0,0,0,0,0,0
2019,Digital Transformation Agency,TRUE,,Social Services,FALSE,15/07/2019 14:50,0,0,1,17,15,58,12,0,0,0,1,1,0,0,0,0,0,13000,0,0,0,0,0,0,0
2019,Director of National Parks,TRUE,,Environment and Energy,FALSE,19/07/2019 16:07,0,0,8,0,3,18,0,0,0,0,0,0,0,0,0,0,0,0,0,0,0,0,0,0,0
2019,Executive Director of Township Leasing,TRUE,National Indigenous Australians Agency,Prime Minister and Cabinet,TRUE,9/07/2019 13:41,0,0,0,0,0,0,0,0,0,0,0,0,0,0,0,0,0,0,0,0,0,0,0,0,0
2019,Export Finance and Insurance Corporation,TRUE,Export Finance and Insurance Corporation,Foreign Affairs and Trade,FALSE,16/10/2018 13:49,0,1,0,0,0,0,4,0,0,0,0,0,0,0,0,720,0,0,0,0,0,0,0,0,0
2019,Fair Work Commission,TRUE,,Attorney-General's,FALSE,18/01/2019 15:43,0,1,3,2340,0,0,0,0,0,1,3,25,0,0,0,0,0,556,0,0,0,0,0,0,0
2019,Fair Work Ombudsman,TRUE,,Attorney-General's,FALSE,5/03/2019 13:25,0,4,6,5544,224,138,174,0,0,0,0,40,0,0,20,1855,0,0,0,0,0,1971,0,115000,0
2019,Family Court of Australia,TRUE,,Attorney-General's,FALSE,19/07/2019 11:40,0,0,3,0,10,20,0,0,0,0,0,0,0,0,0,0,0,0,0,0,0,0,0,0,0
2019,Family Law Council,TRUE,,Attorney-General's,TRUE,8/07/2019 10:37,0,0,0,0,0,0,0,0,0,0,0,0,0,0,0,0,0,0,0,0,0,0,0,0,0
2019,Federal Circuit Court of Australia,TRUE,,Attorney-General's,FALSE,19/07/2019 11:43,0,0,4,0,10,20,0,0,0,0,0,0,0,0,0,0,0,0,0,0,0,0,0,0,0
2019,Federal Court of Australia,TRUE,,Attorney-General's,FALSE,30/07/2019 18:48,0,0,4,0,22,122,0,0,0,0,4,0,9,13,0,0,0,0,0,0,0,0,0,0,0
2019,Film Certification Advisory Board,TRUE,Department of Communications and the Arts,Communications and the Arts,TRUE,10/07/2019 13:27,0,0,0,0,0,0,0,0,0,0,0,0,0,0,0,0,0,0,0,0,0,0,0,0,0
2019,Financial Reporting Council,TRUE,Department of the Treasury,Treasury,FALSE,15/07/2019 15:31,0,0,2,0,1,1,0,0,0,0,0,0,0,0,0,0,0,0,0,0,0,0,0,0,0
2019,Fisheries Research and Development Corporation,TRUE,,Agriculture,FALSE,19/08/2019 22:39,0,0,4,55,1,3,2,0,0,0,0,0,0,0,0,435,0,0,0,0,0,0,0,0,0
2019,Food Standards Australia New Zealand,TRUE,,Health,FALSE,30/07/2019 9:43,0,0,11,11,5,24,3,0,0,0,2,0,0,4,0,170,0,0,0,0,0,2055,0,0,0
2019,Future Fund Management Agency,TRUE,,Finance,FALSE,8/07/2019 13:16,0,0,8,24,0,2,0,0,0,0,3,5,0,0,0,0,0,0,0,0,0,0,0,0,0
2019,Gene Technology Ethics & Community Consultative Committee,TRUE,Department of Health,Health,TRUE,29/01/2019 14:46,0,0,0,0,0,0,0,0,0,0,0,0,0,0,0,0,0,0,0,0,0,0,0,0,0
2019,Gene Technology Ministerial Council,TRUE,Department of Health,Health,TRUE,29/01/2019 14:47,0,0,0,0,0,0,0,0,0,0,0,0,0,0,0,0,0,0,0,0,0,0,0,0,0
2019,Gene Technology Regulator,TRUE,Gene Technology Regulator,Health,FALSE,11/07/2019 9:27,0,0,12,0,1,22,20,0,0,0,0,0,0,0,0,0,0,200,0,0,0,0,0,0,0
2019,Gene Technology Technical Advisory Committee,TRUE,Department of Health,Health,TRUE,29/01/2019 14:48,0,0,0,0,0,0,0,0,0,0,0,0,0,0,0,0,0,0,0,0,0,0,0,0,0
2019,Geoscience Australia,TRUE,"Department of Industry, Innovation and Science","Industry, Innovation and Science",FALSE,18/07/2019 7:56,0,0,0,0,1,1,0,2,2,0,0,0,0,0,0,0,0,0,0,0,0,0,0,0,0
2019,Grains Research and Development Corporation,TRUE,,Agriculture,TRUE,19/08/2019 22:38,0,0,0,0,0,0,0,0,0,0,0,0,0,0,0,0,0,0,0,0,0,0,0,0,0
2019,Great Barrier Reef Marine Park Authority,TRUE,,Environment and Energy,FALSE,19/07/2019 8:51,0,0,23,101,2,28,11,0,0,0,11,0,3,180,102,0,0,0,0,0,0,0,0,0,0
2019,Health and Hospitals Fund Advisory Board,TRUE,Department of Health,Health,TRUE,29/01/2019 14:49,-1,0,0,0,0,0,0,0,0,0,0,0,0,0,0,0,0,0,0,0,0,0,0,0,0
2019,High Court of Australia,TRUE,,Attorney-General's,FALSE,25/07/2019 10:42,0,0,3,0,360,0,0,0,0,0,0,0,0,0,0,0,0,82000,0,0,0,0,0,0,0
2019,Immigration Assessment Authority,TRUE,,Attorney-General's,FALSE,18/01/2019 15:01,0,0,9,773,0,0,0,0,0,0,0,0,0,1,8,0,0,0,0,0,0,9770,0,0,0
2019,Independent Hospital Pricing Authority,TRUE,,Health,TRUE,10/09/2018 9:30,0,0,0,0,0,0,0,0,0,0,0,0,0,0,0,0,0,0,0,0,0,0,0,0,0
2019,Independent Parliamentary Expenses Authority,TRUE,,Finance,FALSE,29/07/2019 13:09,0,1,0,1250,35,75,50,0,0,0,0,50,0,0,0,0,0,10000,0,0,0,3000,0,0,0
2019,Independent Review PBS Cost Recovery Committee,TRUE,Department of Health,Health,TRUE,29/01/2019 14:51,0,0,0,0,0,0,0,0,0,0,0,0,0,0,0,0,0,0,0,0,0,0,0,0,0
2019,Indigenous Business Australia,TRUE,,Prime Minister and Cabinet,FALSE,18/04/2019 15:02,0,0,9,460,8,0,25,0,0,0,1,30,0,0,0,0,0,481480,0,0,0,0,0,0,0
2019,Indigenous Land and Sea Corporation,TRUE,,Prime Minister and Cabinet,FALSE,19/08/2019 16:40,0,0,1,6,0,0,0,0,0,0,0,0,0,0,0,0,0,0,0,0,0,0,0,0,0
2019,Infrastructure Australia,TRUE,,"Infrastructure, Transport, Cities and Regional Development",FALSE,6/08/2019 14:22,0,0,1,100,100,0,0,0,0,0,1,100,100,0,0,0,0,15000,0,0,0,0,0,0,0
2019,Inspector-General of Taxation,TRUE,,Treasury,FALSE,8/07/2019 10:49,0,0,10,110,0,165,0,0,0,0,2,10,0,0,0,0,0,2558,0,0,0,0,0,0,0
2019,International Air Services Commission,TRUE,"Department of Infrastructure, Transport, Cities and Regional Development","Infrastructure, Transport, Cities and Regional Development",TRUE,29/07/2019 9:34,0,0,0,0,0,0,0,0,0,0,0,0,0,0,0,0,0,0,0,0,0,0,0,0,0
2019,IP Australia,TRUE,IP Australia,"Industry, Innovation and Science",FALSE,10/07/2019 11:16,0,2,8,4100,40,260,260,0,0,0,0,500,20,0,0,605,125,15550,0,0,0,1840,0,0,0
2019,Medical Training Review Panel,FALSE,Department of Health,Health,TRUE,4/07/2019 12:05,-1,0,0,0,0,0,0,0,0,0,0,0,0,0,0,0,0,0,0,0,0,0,0,0,0
2019,Medicare Participation Review Committee,TRUE,Department of Health,Health,TRUE,29/01/2019 14:51,0,0,0,0,0,0,0,0,0,0,0,0,0,0,0,0,0,0,0,0,0,0,0,0,0
2019,Merit Protection Commissioner,TRUE,,Prime Minister and Cabinet,FALSE,1/07/2019 8:53,0,0,6,84,10,10,0,0,0,0,1,20,5,5,0,1000,0,5000,0,0,0,3000,0,0,0
2019,Military Rehabilitation and Compensation Commission,TRUE,Department of Veterans' Affairs,Defence,TRUE,19/08/2019 22:38,0,0,0,0,0,0,0,0,0,0,0,0,0,0,0,0,0,0,0,0,0,0,0,0,0
2019,Minister Assisting the Prime Minister for the Centenary of ANZAC,TRUE,Department of Veterans' Affairs,Defence,TRUE,19/08/2019 22:38,0,0,0,0,0,0,0,0,0,0,0,0,0,0,0,0,0,0,0,0,0,0,0,0,0
2019,Minister Assisting the Prime Minister for the Public Service and Cabinet,TRUE,Department of the Prime Minister and Cabinet,Prime Minister and Cabinet,TRUE,9/07/2019 13:40,0,0,0,0,0,0,0,0,0,0,0,0,0,0,0,0,0,0,0,0,0,0,0,0,0
2019,Minister Assisting the Prime Minister for the Public Service and Cabinet,TRUE,Department of the Prime Minister and Cabinet,Prime Minister and Cabinet,TRUE,9/07/2019 13:42,0,0,0,0,0,0,0,0,0,0,0,0,0,0,0,0,0,0,0,0,0,0,0,0,0
2019,Minister for Aged Care and Senior Australians,TRUE,Department of Health,Health,TRUE,4/07/2019 12:12,0,0,0,0,0,0,0,0,0,0,0,0,0,0,0,0,0,0,0,0,0,0,0,0,0
2019,Minister for Agriculture,TRUE,Department of Agriculture,Agriculture,FALSE,16/07/2019 16:30,0,0,1,0,0,0,0,15,0,0,0,0,0,0,0,0,0,0,0,0,0,0,0,0,0
2019,"Minister for Communications, Cyber Security and the Arts",TRUE,Department of Communications and the Arts,Communications and the Arts,TRUE,15/07/2019 11:46,0,0,0,0,0,0,0,0,0,0,0,0,0,0,0,0,0,0,0,0,0,0,0,0,0
2019,Minister for Defence,TRUE,Department of Defence,Defence,TRUE,31/07/2019 11:45,0,0,0,0,0,0,0,0,0,0,0,0,0,0,0,0,0,0,0,0,0,0,0,0,0
2019,Minister for Defence Industry,TRUE,Department of Defence,Defence,TRUE,25/07/2019 12:05,0,0,0,0,0,0,0,0,0,0,0,0,0,0,0,0,0,0,0,0,0,0,0,0,0
2019,Minister for Defence Personnel,TRUE,Department of Defence,Defence,TRUE,25/07/2019 12:06,0,0,0,0,0,0,0,0,0,0,0,0,0,0,0,0,0,0,0,0,0,0,0,0,0
2019,Minister for Education,TRUE,Department of Education,Education,TRUE,18/07/2019 15:39,0,0,0,0,0,0,0,0,0,0,0,0,0,0,0,0,0,0,0,0,0,0,0,0,0
2019,Minister for Education and Training,FALSE,,Education,FALSE,17/10/2018 16:18,-1,0,1,1,0,1,0,0,0,0,0,0,0,0,0,0,0,0,0,0,0,0,0,0,0
2019,"Minister for Employment, Skills, Small and Family Business",TRUE,"Department of Employment, Skills, Small and Family Business","Employment, Skills, Small and Family Business",FALSE,26/06/2019 12:23,0,0,9,14,0,0,0,5,10,0,0,0,0,0,0,0,0,0,0,0,0,0,0,0,0
2019,Minister for Energy and Emissions Reduction,TRUE,Department of the Environment and Energy,Environment and Energy,FALSE,30/07/2019 14:50,0,0,8,0,0,0,0,40,10,0,0,0,0,0,0,0,0,0,0,0,0,0,0,0,0
2019,Minister for Families and Social Services,TRUE,Department of Social Services,Social Services,FALSE,30/07/2019 11:15,0,0,1,0,0,0,0,50,0,0,0,0,0,0,0,0,0,0,0,0,0,0,0,0,0
2019,Minister for Finance,TRUE,Department of Finance,Finance,FALSE,1/08/2019 11:32,0,0,4,30,0,0,0,30,10,0,0,0,0,0,0,0,0,0,0,0,0,0,0,0,0
2019,Minister for Foreign Affairs,TRUE,Department of Foreign Affairs and Trade,Foreign Affairs and Trade,FALSE,19/08/2019 22:37,0,0,0,0,0,0,0,0,0,0,0,0,0,0,0,0,0,0,0,0,0,0,0,0,0
2019,Minister for Government Services,TRUE,Department of Social Services,Social Services,FALSE,5/08/2019 8:47,0,0,4,0,0,0,0,85,0,0,0,0,0,0,0,0,0,0,0,0,0,0,0,0,0
2019,Minister for Health,TRUE,Department of Health,Health,FALSE,8/07/2019 11:51,0,2,0,0,0,0,0,0,0,0,0,0,0,0,0,0,0,0,0,0,0,0,0,0,0
2019,Minister for Home Affairs and Immigration and Border Protection,TRUE,Department of Home Affairs,Home Affairs,FALSE,30/07/2019 15:05,0,0,1,0,0,0,0,3,0,0,0,0,0,0,0,0,0,0,0,0,0,0,0,0,0
2019,"Minister for Immigration, Citizenship, Migrant Services and Multicultural Affairs",TRUE,Department of Home Affairs,Home Affairs,TRUE,30/07/2019 15:03,0,0,0,0,0,0,0,0,0,0,0,0,0,0,0,0,0,0,0,0,0,0,0,0,0
2019,Minister for Indigenous Australians,TRUE,National Indigenous Australians Agency,Prime Minister and Cabinet,FALSE,16/07/2019 12:50,0,0,10,121,0,1,0,6,0,0,0,0,0,0,0,0,0,0,0,0,0,0,0,0,0
2019,Minister for Industrial Relations,TRUE,Attorney-General's Department,Attorney-General's,TRUE,8/07/2019 9:59,0,0,0,0,0,0,0,0,0,0,0,0,0,0,0,0,0,0,0,0,0,0,0,0,0
2019,"Minister for Industry, Science and Technology",TRUE,"Department of Industry, Innovation and Science","Industry, Innovation and Science",TRUE,19/08/2019 22:37,0,0,0,0,0,0,0,0,0,0,0,0,0,0,0,0,0,0,0,0,0,0,0,0,0
2019,Minister for Infrastructure and Transport,TRUE,,"Infrastructure, Transport, Cities and Regional Development",TRUE,13/11/2018 8:37,-1,0,0,0,0,0,0,0,0,0,0,0,0,0,0,0,0,0,0,0,0,0,0,0,0
2019,"Minister for Infrastructure, Transport and Regional Development",TRUE,"Department of Infrastructure, Transport, Cities and Regional Development","Infrastructure, Transport, Cities and Regional Development",FALSE,29/07/2019 10:10,0,0,1,0,0,0,0,4,5,0,0,0,0,0,0,0,0,0,0,0,0,0,0,0,0
2019,Minister for International Development and the Pacific,TRUE,Department of Foreign Affairs and Trade,Foreign Affairs and Trade,FALSE,19/08/2019 22:36,0,0,0,0,0,0,0,0,0,0,0,0,0,0,0,0,0,0,0,0,0,0,0,0,0
2019,Minister for Jobs and Industrial Relations,TRUE,,"Employment, Skills, Small and Family Business",FALSE,10/07/2019 11:36,-1,0,6,77,0,0,0,2,5,0,0,0,0,0,0,0,0,0,0,0,0,0,0,0,0
2019,Minister for Jobs and Innovation,TRUE,,"Employment, Skills, Small and Family Business",FALSE,18/10/2018 9:27,-1,0,3,43,0,0,0,40,40,0,0,0,0,0,0,0,0,0,0,0,0,0,0,0,0
2019,Minister for Law Enforcement and Cybersecurity,TRUE,Department of Home Affairs,Home Affairs,FALSE,30/07/2019 15:04,0,0,0,0,0,0,0,5,0,0,0,0,0,0,0,0,0,0,0,0,0,0,0,0,0
2019,Minister for Local Government and Decentralisation,TRUE,"Department of Infrastructure, Transport, Cities and Regional Development","Infrastructure, Transport, Cities and Regional Development",TRUE,29/07/2019 10:10,-1,0,0,0,0,0,0,0,0,0,0,0,0,0,0,0,0,0,0,0,0,0,0,0,0
2019,"Minister for Population, Cities and Urban Infrastructure",TRUE,"Department of Infrastructure, Transport, Cities and Regional Development","Infrastructure, Transport, Cities and Regional Development",TRUE,29/07/2019 10:15,0,0,0,0,0,0,0,0,0,0,0,0,0,0,0,0,0,0,0,0,0,0,0,0,0
2019,Minister for Regional Communications,TRUE,Department of Communications and the Arts,Communications and the Arts,TRUE,10/07/2019 13:27,0,0,0,0,0,0,0,0,0,0,0,0,0,0,0,0,0,0,0,0,0,0,0,0,0
2019,Minister for Regional Development,TRUE,,"Infrastructure, Transport, Cities and Regional Development",TRUE,13/11/2018 8:29,-1,0,0,0,0,0,0,0,0,0,0,0,0,0,0,0,0,0,0,0,0,0,0,0,0
2019,"Minister for Regional Services, Local Government and Decentralisation",TRUE,"Department of Infrastructure, Transport, Cities and Regional Development","Infrastructure, Transport, Cities and Regional Development",TRUE,29/07/2019 10:14,0,0,0,0,0,0,0,0,0,0,0,0,0,0,0,0,0,0,0,0,0,0,0,0,0
2019,Minister for Resources and Northern Australia,TRUE,"Department of Industry, Innovation and Science","Industry, Innovation and Science",FALSE,18/07/2019 10:09,0,0,2,100,20,100,0,20,100,0,0,0,0,0,0,0,0,0,0,0,0,0,0,0,0
2019,Minister for Rural Health and Sport,TRUE,Department of Health,Health,TRUE,4/07/2019 12:12,-1,0,0,0,0,0,0,0,0,0,0,0,0,0,0,0,0,0,0,0,0,0,0,0,0
2019,"Minister for Small and Family Business, the Workplace and Deregulation",TRUE,,"Employment, Skills, Small and Family Business",TRUE,15/10/2018 15:37,-1,0,0,0,0,0,0,0,0,0,0,0,0,0,0,0,0,0,0,0,0,0,0,0,0
2019,Minister for the Arts,TRUE,Minister for the Arts,Communications and the Arts,TRUE,10/07/2019 17:07,-1,0,0,0,0,0,0,0,0,0,0,0,0,0,0,0,0,0,0,0,0,0,0,0,0
2019,Minister for the Environment,TRUE,Department of the Environment and Energy,Environment and Energy,FALSE,30/07/2019 14:50,0,0,8,0,0,0,0,80,20,0,0,0,0,0,0,0,0,0,0,0,0,0,0,0,0
2019,Minister for the Environment and Energy,FALSE,,Environment and Energy,FALSE,22/11/2018 14:54,-1,0,3,0,0,0,0,10,40,0,0,0,0,0,0,0,0,0,0,0,0,0,0,0,0
2019,"Minister for Trade, Tourism and Investment",TRUE,Department of Foreign Affairs and Trade,Foreign Affairs and Trade,FALSE,19/08/2019 22:36,0,0,0,0,0,0,0,0,0,0,0,0,0,0,0,0,0,0,0,0,0,0,0,0,0
2019,Minister for Urban Infrastructure,TRUE,,"Infrastructure, Transport, Cities and Regional Development",TRUE,13/11/2018 8:31,-1,0,0,0,0,0,0,0,0,0,0,0,0,0,0,0,0,0,0,0,0,0,0,0,0
2019,Minister for Veterans and Defence Personnel,TRUE,Department of Veterans' Affairs,Defence,TRUE,19/08/2019 22:35,0,0,0,0,0,0,0,0,0,0,0,0,0,0,0,0,0,0,0,0,0,0,0,0,0
2019,"Minister for Water Resources, Drought, Rural Finance, Natural Disaster and Emergency Management",TRUE,Department of Agriculture,Agriculture,TRUE,16/07/2019 16:36,0,0,0,0,0,0,0,0,0,0,0,0,0,0,0,0,0,0,0,0,0,0,0,0,0
2019,Minister for Women,TRUE,Department of the Prime Minister and Cabinet,Prime Minister and Cabinet,TRUE,16/07/2019 11:32,0,0,0,0,0,0,0,0,0,0,0,0,0,0,0,0,0,0,0,0,0,0,0,0,0
2019,Minister for Youth and Sport,TRUE,Department of Health,Health,TRUE,30/07/2019 11:27,0,0,0,0,0,0,0,0,0,0,0,0,0,0,0,0,0,0,0,0,0,0,0,0,0
2019,Murray-Darling Basin Authority,TRUE,,Agriculture,FALSE,2/07/2019 10:00,0,0,5,320,38,152,61,3,0,0,0,17,0,0,0,73,0,15439,0,0,0,0,0,0,0
2019,Museum of Australian Democracy,TRUE,,Communications and the Arts,FALSE,15/07/2019 11:06,0,0,1,1,0,1,0,0,0,0,0,0,0,0,0,0,0,0,0,0,0,0,0,0,0
2019,National Archives of Australia,TRUE,,Attorney-General's,FALSE,9/07/2019 9:43,0,0,14,133,2,11,3,0,0,0,3,4,0,0,0,0,0,0,0,0,0,1840,0,0,0
2019,National Blood Authority,TRUE,,Health,FALSE,10/07/2019 14:39,0,0,2,10,1,1,0,0,0,0,2,30,0,0,0,0,0,0,0,0,0,0,0,0,0
2019,National Capital Authority,TRUE,,"Infrastructure, Transport, Cities and Regional Development",FALSE,2/08/2019 8:53,0,0,3,695,54,180,50,0,0,0,0,0,0,0,0,2500,0,5770,0,0,0,960,0,0,0
2019,National Competition Council,TRUE,,Treasury,FALSE,16/07/2019 14:16,0,0,9,192,6,309,0,0,0,0,0,0,0,0,0,142,0,0,0,0,0,0,0,0,0
2019,National Disability Insurance Agency,TRUE,,Social Services,FALSE,18/07/2019 11:46,0,20,2,40192,0,0,0,0,0,0,0,0,0,0,0,0,0,39546,0,0,0,18718,0,0,0
2019,National Film and Sound Archive of Australia,TRUE,,Communications and the Arts,FALSE,9/07/2019 14:12,0,0,1,20,0,10,0,0,0,0,1,0,0,0,0,0,0,0,0,0,0,0,0,0,0
2019,National Gallery of Australia,TRUE,,Communications and the Arts,TRUE,16/07/2019 14:01,0,0,0,0,0,0,0,0,0,0,0,0,0,0,0,0,0,0,0,0,0,0,0,0,0
2019,National Health and Medical Research Council,TRUE,,Health,FALSE,17/10/2018 14:08,0,0,39,60,27,339,76,0,0,0,3,8,0,0,0,0,0,0,0,0,0,0,0,0,0
2019,National Health Funding Body,TRUE,,Health,FALSE,18/07/2019 14:25,0,0,3,0,5,60,0,0,0,0,0,0,0,0,0,0,0,0,0,0,0,0,0,0,0
2019,National Industrial Chemicals Notification and Assessment Scheme,TRUE,,Health,FALSE,19/08/2019 22:35,0,0,3,3,0,0,0,0,0,0,0,0,0,0,0,0,0,0,0,0,0,0,0,0,0
2019,National Library of Australia,TRUE,,Communications and the Arts,FALSE,16/07/2019 14:29,0,0,3,40,5,1,1,0,0,0,3,5,1,0,0,0,0,0,0,0,0,0,0,0,0
2019,National Mental Health Commission,TRUE,,Health,FALSE,19/08/2019 22:34,0,0,2,20,1,0,0,0,0,0,1,3,0,0,0,0,0,0,0,0,0,0,0,0,0
2019,National Museum of Australia,TRUE,,Communications and the Arts,FALSE,26/07/2019 15:15,0,0,1,3,0,0,0,0,0,0,6,58,0,0,0,0,0,0,0,0,0,0,0,0,0
2019,National Native Title Tribunal,TRUE,,Attorney-General's,FALSE,16/07/2019 13:14,0,0,2,2,0,2,0,0,0,0,0,0,0,0,0,0,0,0,0,0,0,2941,0,0,0
2019,National Offshore Petroleum Safety & Environmental Management Auth.,TRUE,,"Industry, Innovation and Science",FALSE,8/07/2019 15:50,0,1,1,94,0,20,10,0,0,0,1,0,0,0,0,0,0,0,0,0,0,0,0,0,0
2019,National Portrait Gallery of Australia,TRUE,,Communications and the Arts,TRUE,9/07/2019 8:30,0,0,0,0,0,0,0,0,0,0,0,0,0,0,0,0,0,0,0,0,0,0,0,0,0
2019,National Transport Commission,TRUE,,"Infrastructure, Transport, Cities and Regional Development",FALSE,9/07/2019 8:25,0,0,1,4,0,4,0,0,0,0,2,10,0,4,4,0,0,0,0,0,0,0,0,0,0
2019,NBN Co Limited (ACN 136 533 741),TRUE,,Communications and the Arts,FALSE,3/07/2019 17:10,0,0,3,2400,300,0,15,0,0,0,1,20,0,0,20,0,0,0,0,0,0,0,0,0,0
2019,NDIS Quality and Safeguards Commission,TRUE,,Social Services,FALSE,22/01/2019 9:14,0,0,3,20,0,2,0,0,0,0,0,0,0,0,0,0,0,0,0,0,0,0,0,0,0
2019,Norfolk Island Regional Council ,TRUE,,x Norfolk Island (external territory),FALSE,19/07/2019 13:57,0,0,1,48,0,0,0,0,0,0,2,24,0,0,0,0,0,0,0,0,0,0,0,0,0
2019,North Queensland Livestock Industry Recovery Agency,TRUE,Department of the Prime Minister and Cabinet,Prime Minister and Cabinet,TRUE,30/07/2019 15:33,0,0,0,0,0,0,0,0,0,0,0,0,0,0,0,0,0,0,0,0,0,0,0,0,0
2019,Northern Australian Infrastructure Facility,TRUE,Northern Australian Infrastructure Facility,Foreign Affairs and Trade,FALSE,22/07/2019 10:35,0,0,3,200,5,0,5,2,0,0,3,100,0,0,0,0,0,57679,0,0,0,0,0,0,0
2019,Office of Parliamentary Counsel,TRUE,,Attorney-General's,FALSE,9/07/2019 10:14,0,0,5,7,3,2,0,0,0,0,1,1,0,0,0,0,0,0,0,0,0,0,0,0,0
2019,Office of the Australian Information Commissioner,TRUE,,Attorney-General's,FALSE,4/06/2019 16:43,0,3,7,3700,300,150,540,0,0,0,4,35,0,0,0,407,0,0,0,26120,0,1020,0,0,0
2019,Office of the Commonwealth Director of Public Prosecutions,TRUE,,Attorney-General's,FALSE,5/07/2019 16:35,0,0,25,563,10,92,132,0,0,0,3,0,0,1,2,0,0,27821,0,0,0,1970,0,0,0
2019,Office of the eSafety Commissioner,TRUE,,Communications and the Arts,FALSE,22/08/2018 14:43,0,0,4,4,0,7,0,1,0,0,3,3,0,1,0,0,0,4761,0,0,0,0,0,0,0
2019,Office of the Independent National Security Legislation Monitor (INSLM),TRUE,Attorney-General's Department,Attorney-General's,TRUE,16/07/2019 9:01,0,0,0,0,0,0,0,0,0,0,0,0,0,0,0,0,0,0,0,0,0,0,0,0,0
2019,Office of the Official Secretary to the Governor-General,TRUE,,Prime Minister and Cabinet,FALSE,15/07/2019 15:39,0,0,3,10,0,10,0,0,0,0,3,2,0,2,0,0,0,12000,0,0,0,0,0,0,0
2019,Office of the Registrar of Indigenous Corporations,TRUE,,Prime Minister and Cabinet,FALSE,19/07/2019 10:58,0,0,15,1450,69,147,18,0,0,0,2,2,0,0,0,1075,0,2800,0,0,0,0,0,0,0
2019,Organ and Tissue Authority,TRUE,,Health,TRUE,24/07/2019 11:56,0,0,0,0,0,0,0,0,0,0,0,0,0,0,0,0,0,0,0,0,0,0,0,0,0
2019,Parliamentary Retiring Allowances Trust,FALSE,Department of Finance,Finance,TRUE,17/07/2019 10:53,0,0,0,0,0,0,0,0,0,0,0,0,0,0,0,0,0,0,0,0,0,0,0,0,0
2019,Pathology Services Table Committee,TRUE,Department of Health,Health,TRUE,4/07/2019 12:06,0,0,0,0,0,0,0,0,0,0,0,0,0,0,0,0,0,0,0,0,0,0,0,0,0
2019,Pharmaceutical Benefits Advisory Committee,TRUE,Department of Health,Health,TRUE,4/07/2019 12:07,0,0,0,0,0,0,0,0,0,0,0,0,0,0,0,0,0,0,0,0,0,0,0,0,0
2019,Pharmaceutical Benefits Remuneration Tribunal,TRUE,Department of Health,Health,TRUE,4/07/2019 12:07,0,0,0,0,0,0,0,0,0,0,0,0,0,0,0,0,0,0,0,0,0,0,0,0,0
2019,Prime Minister,TRUE,Department of the Prime Minister and Cabinet,Prime Minister and Cabinet,FALSE,16/05/2019 15:47,0,0,13,2556,0,0,0,102,0,0,0,0,0,0,0,0,0,0,0,41316,0,0,0,0,0
2019,Productivity Commission,TRUE,,Treasury,FALSE,8/07/2019 14:59,0,0,2,9,0,5,0,0,0,0,2,2,0,0,0,0,0,0,0,0,0,7728,0,0,0
2019,Professional Services Review,TRUE,,Health,FALSE,11/01/2019 14:23,0,0,15,300,15,0,5,0,0,0,0,0,0,0,0,0,0,0,0,0,0,0,0,0,0
2019,Prostheses List Advisory Committee,TRUE,Department of Health,Health,TRUE,29/01/2019 14:35,0,0,0,0,0,0,0,0,0,0,0,0,0,0,0,0,0,0,0,0,0,0,0,0,0
2019,Public Lending Right Committee,TRUE,Department of Communications and the Arts,Communications and the Arts,TRUE,10/07/2019 13:28,0,0,0,0,0,0,0,0,0,0,0,0,0,0,0,0,0,0,0,0,0,0,0,0,0
2019,Regional Investment Corporation,TRUE,,Agriculture,TRUE,10/01/2019 14:55,0,0,0,0,0,0,0,0,0,0,0,0,0,0,0,0,0,0,0,0,0,0,0,0,0
2019,Registered Organisations Commission ,TRUE,,Attorney-General's,FALSE,12/07/2019 16:59,0,0,2,0,0,35,0,0,0,0,0,0,0,0,0,0,0,18890,0,0,0,0,0,0,0
2019,Remuneration Tribunal,TRUE,Remuneration Tribunal,Prime Minister and Cabinet,TRUE,18/04/2019 12:58,0,0,0,0,0,0,0,0,0,0,0,0,0,0,0,0,0,0,0,0,0,0,0,0,0
2019,Repatriation Commission,TRUE,Department of Veterans' Affairs,Defence,TRUE,19/08/2019 22:33,0,0,0,0,0,0,0,0,0,0,0,0,0,0,0,0,0,0,0,0,0,0,0,0,0
2019,Repatriation Medical Authority,TRUE,,Defence,FALSE,19/08/2019 22:32,0,0,3,23,0,0,0,0,0,0,1,1,0,0,0,0,0,0,0,0,0,0,0,0,0
2019,Reserve Bank of Australia,TRUE,,Treasury,FALSE,24/07/2019 12:17,0,0,28,127,38,37,0,4,0,0,3,8,0,0,0,0,0,0,0,0,0,0,0,0,0
2019,Royal Australian Air Force Veterans' Residences Trust Fund,TRUE,,Defence,TRUE,9/07/2019 12:43,0,0,0,0,0,0,0,0,0,0,0,0,0,0,0,0,0,0,0,0,0,0,0,0,0
2019,Royal Australian Air Force Welfare Trust Fund,TRUE,,Defence,TRUE,2/07/2019 10:24,0,0,0,0,0,0,0,0,0,0,0,0,0,0,0,0,0,0,0,0,0,0,0,0,0
2019,Royal Australian Navy Central Canteens Board,TRUE,Department of Defence,Defence,TRUE,9/07/2019 15:49,0,0,0,0,0,0,0,0,0,0,0,0,0,0,0,0,0,0,0,0,0,0,0,0,0
2019,Royal Australian Navy Relief Trust Fund,TRUE,Department of Defence,Defence,TRUE,9/07/2019 15:39,0,0,0,0,0,0,0,0,0,0,0,0,0,0,0,0,0,0,0,0,0,0,0,0,0
2019,Safe Work Australia,TRUE,Safe Work Australia,Attorney-General's,FALSE,19/07/2019 9:39,0,0,12,51,10,5,75,0,0,0,5,10,0,0,0,50,0,0,0,0,0,0,0,0,0
2019,"Safety, Rehabilitation and Compensation Commission",TRUE,,Attorney-General's,FALSE,31/07/2019 15:36,0,0,1,15,0,0,0,0,0,0,0,0,0,0,0,0,0,0,0,0,0,0,0,0,0
2019,Screen Australia,TRUE,,Communications and the Arts,FALSE,18/07/2019 14:37,0,0,6,15,20,30,5,0,0,0,0,0,0,4,0,0,0,6988,0,0,0,920,0,0,0
2019,"Seafarers Safety, Rehabilitation and Compensation (Seacare) Authority",TRUE,Comcare,Attorney-General's,TRUE,12/07/2019 9:07,0,0,0,0,0,0,0,0,0,0,0,0,0,0,0,0,0,0,0,0,0,0,0,0,0
2019,Second Review Dental Benefits Act 2008 Committee,TRUE,Department of Health,Health,TRUE,29/01/2019 14:53,0,0,0,0,0,0,0,0,0,0,0,0,0,0,0,0,0,0,0,0,0,0,0,0,0
2019,Secretaries' ICT Governance Board,FALSE,Department of Finance,Finance,TRUE,17/07/2019 10:54,0,0,0,0,0,0,0,0,0,0,0,0,0,0,0,0,0,0,0,0,0,0,0,0,0
2019,Solicitor-General,TRUE,Attorney-General's Department,Attorney-General's,FALSE,10/07/2019 13:22,0,0,3,0,0,7,0,0,0,0,0,0,0,0,0,0,0,0,0,0,0,0,0,0,0
2019,Special Broadcasting Service Corporation,TRUE,,Communications and the Arts,FALSE,17/07/2019 16:34,0,0,4,20,3,4,0,0,0,0,0,0,0,0,0,0,0,0,0,0,0,0,0,0,0
2019,Special Minister of State,TRUE,Department of Finance,Finance,TRUE,29/08/2018 11:43,0,0,0,0,0,0,0,0,0,0,0,0,0,0,0,0,0,0,0,0,0,0,0,0,0
2019,Specialist Medical Review Council,TRUE,,Defence,TRUE,17/07/2019 9:53,0,0,0,0,0,0,0,0,0,0,0,0,0,0,0,0,0,0,0,0,0,0,0,0,0
2019,Superannuation Complaints Tribunal,TRUE,,Treasury,FALSE,18/06/2019 15:26,0,0,3,20,0,0,0,0,0,0,3,10,0,0,0,0,0,0,0,0,0,0,0,0,0
2019,Sydney Harbour Federation Trust,TRUE,,Environment and Energy,FALSE,31/07/2019 9:45,0,0,2,106,0,40,0,0,0,0,0,0,0,0,0,0,0,2378,0,0,0,0,0,0,0
2019,Takeovers Panel,TRUE,Department of the Treasury,Treasury,FALSE,15/07/2019 15:30,0,0,4,0,22,14,3,0,0,0,0,0,0,0,0,0,0,0,0,0,0,0,0,0,0
2019,Tax Practitioners Board,TRUE,,Treasury,FALSE,15/04/2019 16:37,0,0,3,400,50,0,0,0,0,0,1,40,10,0,0,0,0,0,0,0,0,0,0,0,0
2019,Tertiary Education Quality and Standards Agency,TRUE,,Education,FALSE,31/07/2019 15:24,0,0,21,220,1,28,1,0,0,0,2,2,0,0,0,0,0,0,0,0,0,0,0,0,0
2019,Therapeutic Goods Committee,TRUE,Department of Health,Health,TRUE,29/01/2019 14:54,-1,0,0,0,0,0,0,0,0,0,0,0,0,0,0,0,0,0,0,0,0,0,0,0,0
2019,Torres Strait Regional Authority,TRUE,,Prime Minister and Cabinet,FALSE,31/07/2019 15:22,0,0,2,0,0,70,0,0,0,0,0,0,0,0,0,0,0,28602,0,0,0,0,0,0,0
2019,Tourism Australia,TRUE,,Foreign Affairs and Trade,FALSE,19/08/2019 16:50,0,0,5,4,0,0,1,0,0,0,0,0,0,0,0,0,0,5000,0,0,0,0,0,0,0
2019,Trans-Tasman IP Attorneys Board,TRUE,IP Australia,"Industry, Innovation and Science",TRUE,10/07/2019 11:16,0,0,0,0,0,0,0,0,0,0,0,0,0,0,0,0,0,0,0,0,0,0,0,0,0
2019,Trans-Tasman IP Attorneys Disciplinary Tribunal ,TRUE,IP Australia,"Industry, Innovation and Science",TRUE,10/07/2019 11:15,0,0,0,0,0,0,0,0,0,0,0,0,0,0,0,0,0,0,0,0,0,0,0,0,0
2019,Treasurer,TRUE,Department of the Treasury,Treasury,FALSE,15/07/2019 15:34,0,0,4,0,0,0,0,294,147,0,0,0,0,0,0,0,0,0,0,0,0,0,0,0,0
2019,Veterans' Review Board,TRUE,,Defence,FALSE,19/08/2019 22:30,0,0,1,45,0,2,0,0,0,0,1,0,0,0,0,0,0,0,0,0,0,0,0,0,0
2019,Wine Australia,TRUE,,Agriculture,FALSE,16/04/2019 12:12,0,0,1,2,0,0,0,0,0,0,0,0,0,0,0,0,0,0,0,0,0,0,0,0,0
2019,Workplace Gender Equality Agency,TRUE,,Prime Minister and Cabinet,FALSE,19/08/2019 22:28,0,0,2,30,5,8,4,0,0,0,2,8,0,2,2,0,0,0,0,0,0,0,0,0,0
2019,Wreck Bay Aboriginal Community Council ,TRUE,National Indigenous Australians Agency,Prime Minister and Cabinet,TRUE,16/07/2019 13:52,0,0,0,0,0,0,0,0,0,0,0,0,0,0,0,0,0,0,0,0,0,0,0,0,0
